   ,      M     ,      C     ,     I    ,    G   ,   Nx   ,     Y      ,    Y*  ,   u  ,P,   r  ,    Sp    ,    T     ,     B    ,    Sn    ,    CF    ,    BP    , Nom e ,Real e ,
   ,  ден. ед.  ,  ден. ед.  , ден. ед. ,ден. ед.,ден. ед.,  ден. ед.  ,ден. ед.,   %  , ,   %  , ден. ед. , ден. ед. , ден. ед. , ден. ед. , ден. ед. , ден. ед. ,ден.ед.,ден.ед.,
,,,,,,,,,,,,,,,,,,,,,
,,,,,,,,,,,,,,,,,,,,,
,,,,,,,,,,,,,,,,,,,,,
,,,,,,,,,,,,,,,,,,,,,
,,,,,,,,,,,,,,,,,,,,,
,,,,,,,,,,,,,,,,,,,,,
,,,,,,,,,,,,,,,,,,,,,
,,,,,,,,,,,,,,,,,,,,,
,,,,,,,,,,,,,,,,,,,,,
,,,,,,,,,,,,,,,,,,,,,
,,,,,,,,,,,,,,,,,,,,,