Показатель,Единица измерения,Минимум,Максимум,2005,2006,2007,2008,2009,2010,2011,2012,2013,2014,2015,2016,2017
  ,,,,,,,,,,,,,,,,
ВВП, млн. тенге,0,60000000,7590593.5,10213731.2,12849794,16052919.2,17007647,21815517,28243052.7,31015186.6,35999025.1,39675832.9,40884133.6,46971150.0,51966817.4
ВВП на душу населения,тенге,0,3000000,501127.5,667211.6,829865.3,1024175.0,1056854.7,1336605.6,1705848.6,1847084.8,2113204.8,2294830.2,2330360.2,2639710.3,2881019.9
Уровень безработицы,в процентах,0,10,8.1,7.8,7.3,6.6,6.6,5.8,5.4,5.3,5.2,5.0,5.1,5.0,4.9
Среднемесячная номинальная заработная плата одного работника,тенге,0,160000,34060,40790,52479,60805,67333,77611,90028,101263,109141,121021,126021,142898,149663
Естественный прирост населения на 1000 человек,человек,0,20,8.05,9.44,10.57,13.01,13.26,13.58,13.79,14.16,14.73,15.45,15.26,15.14,14.48
Среднедушевые номинальные денежные доходы населения,долларов США,0,400,118.8,151.9,205.8,274.2,232.4,264.8,313.2,347.8,371.1,347.5,303.6,223.8,250.1
Индекс потребительских цен,,0,120,107.5,108.4,118.8,109.5,106.2,107.8,107.4,106.0,104.8,107.4,113.6,108.5,107.1
Среднегодовой обменный курс доллара США,тенге/долларов США,0,350,132.88,126.09,122.55,120.30,147.50,147.35,146.62,149.11,152.13,179.19,221.73,342.16,326.00
Средний размер назначенной месячной пенсии,тенге,0,60000,9061,9898,10654,13418,17090,21238,27338,29644,31918,36068,38933,42476,50850
Индекс реальных денежных доходов,в процентах к предыдущему году,0,120,114.5,111.7,118.9,111.8,96.9,106.3,108.7,107.5,102.9,103.4,101.4,99.3,99.1
Доля населения имеющего доходы ниже величины прожиточного минимума,в процентах,0,50,31.6,18.2,12.7,12.1,8.2,6.5,5.5,3.8,2.9,2.8,2.7,2.6,2.6
Величина прожиточного минимума,тенге,0,30000,6014,8410,9653,12364,12660,13487,16072,16815,17789,19068,19647,21612,23783
Рабочая сила (в возрасте 15 лет и старше),тыс. человек,0,10000,7901.7,8028.9,8228.3,8415.0,8457.9,8610.7,8774.6,8981.9,9041.3,8962.0,8887.6,8998.8,9027.4
Занятое население,тыс. человек,0,10000,7261.0,7403.5,7631.1,7857.2,7903.4,8114.2,8301.6,8507.1,8570.6,8510.1,8433.3,8553.4,8585.2
Наемные работники,тыс. человек,0,10000,4640.5,4776.6,4973.5,5199.4,5238.8,5409.4,5581.4,5813.7,5949.7,6109.7,6294.9,6342.8,6485.9
Самостоятельно занятые работники,тыс. человек,0,3000,2620.4,2626.9,2657.6,2657.8,2664.6,2704.8,2720.2,2693.4,2621.0,2400.4,2138.4,2210.5,2099.2
Уровень долгосрочной безработицы,в процентах,0,10,4.3,4.0,3.3,2.8,2.5,2.2,2.1,2.5,2.5,2.4,2.5,2.2,2.2
Индекс реальной заработной платы,в процентах к предыдущему году,0,120,111.7,110.3,116.1,99.0,103.2,107.6,107.1,107.0,101.9,103.9,97.7,98.9,97.9
 ,,,,,,,,,,,,,,,,
 ,,,,,,,,,,,,,,,,
 ,,,,,,,,,,,,,,,,
 ,,,,,,,,,,,,,,,,
 ,,,,,,,,,,,,,,,,
